{"count":1,"self":1297.1730943999999,"total":1297.8222277999998,"children":{"InitializeActuators":{"count":1,"self":0.0022180999999999998,"total":0.0022180999999999998,"children":null},"InitializeSensors":{"count":1,"self":0.0019995,"total":0.0019995,"children":null},"AgentSendState":{"count":4543,"self":0.023849199999999997,"total":0.5392479,"children":{"CollectObservations":{"count":1123,"self":0.054202999999999994,"total":0.054202999999999994,"children":null},"WriteActionMask":{"count":859,"self":0.0020155999999999998,"total":0.0020155999999999998,"children":null},"RequestDecision":{"count":859,"self":0.4591801,"total":0.4591801,"children":null}}},"DecideAction":{"count":4279,"self":0.035295799999999995,"total":0.035295799999999995,"children":null},"AgentAct":{"count":4279,"self":0.0704148,"total":0.0704148,"children":null}},"gauges":{"Knight.CumulativeReward":{"count":4,"max":0.08099991,"min":-1.01970327,"runningAverage":-0.244575813,"value":-0.0197999738,"weightedAverage":-0.117886424}},"metadata":{"timer_format_version":"0.1.0","start_time_seconds":"1673940927","unity_version":"2021.3.16f1","command_line_arguments":"C:\\Program Files\\Unity\\Hub\\Editor\\2021.3.16f1\\Editor\\Unity.exe -projectpath C:\\Users\\pibfa\\OneDrive\\Desktop\\inbae\\AgentPrototype-DesignSprint -useHub -hubIPC -cloudEnvironment production -licensingIpc LicenseClient-pibfa -hubSessionId c08b2980-9602-11ed-8433-35ca78d060f9 -accessToken iI6GF9Nb9W0Ofgr_Pe1k9YODDpnGnl9ocfKeBlgbMsA00df","communication_protocol_version":"1.5.0","com.unity.ml-agents_version":"2.0.0","scene_name":"GameStart","end_time_seconds":"1673942225"}}