{"count":1,"self":24.3455856,"total":25.718788,"children":{"InitializeActuators":{"count":24,"self":0.0030098,"total":0.0030098,"children":null},"InitializeSensors":{"count":24,"self":0.0065334,"total":0.0065334,"children":null},"AgentSendState":{"count":1020,"self":0.42174079999999997,"total":0.45887059999999996,"children":{"CollectObservations":{"count":4896,"self":0.0010003,"total":0.0010003,"children":null},"WriteActionMask":{"count":4896,"self":0.0010276999999999999,"total":0.0010276999999999999,"children":null},"RequestDecision":{"count":4896,"self":0.035101799999999996,"total":0.035101799999999996,"children":null}}},"DecideAction":{"count":1020,"self":0.7683673,"total":0.7953197,"children":{"RayPerceptionSensor.Perceive":{"count":8160,"self":0.026952399999999998,"total":0.026952399999999998,"children":null}}},"AgentAct":{"count":1020,"self":0.1094694,"total":0.1094694,"children":null}},"gauges":{"Goalie.CumulativeReward":{"count":33,"max":0.195602164,"min":0.008200001,"runningAverage":0.0417396,"value":0.0115999952,"weightedAverage":0.07514511},"Striker.CumulativeReward":{"count":66,"max":-0.008200001,"min":-0.195602164,"runningAverage":-0.04173961,"value":-0.0115999952,"weightedAverage":-0.0649611056}},"metadata":{"timer_format_version":"0.1.0","start_time_seconds":"1677422698","unity_version":"2021.3.16f1","command_line_arguments":"C:\\Program Files\\Unity\\Hub\\Editor\\2021.3.16f1\\Editor\\Unity.exe -projectpath C:\\Users\\pibfa\\Desktop\\inbae\\AgentPrototype-DesignSprint -useHub -hubIPC -cloudEnvironment production -licensingIpc LicenseClient-pibfa -hubSessionId 0f40d140-b5a9-11ed-9c71-55c0ac8832af -accessToken heGpdUfs8KvblaMa5N3-2h4igo8rn5N1dzACSePp5EE00df","communication_protocol_version":"1.5.0","com.unity.ml-agents_version":"2.0.1","scene_name":"StrikersVsGoalie","end_time_seconds":"1677422723"}}