{"count":1,"self":454.1950976,"total":3512.2059566999997,"children":{"InitializeActuators":{"count":16,"self":0.0030721999999999998,"total":0.0030721999999999998,"children":null},"InitializeSensors":{"count":16,"self":0.0040092,"total":0.0040092,"children":null},"AgentSendState":{"count":285251,"self":4.4779848,"total":353.3986093,"children":{"CollectObservations":{"count":912816,"self":14.4061392,"total":14.4061398,"children":null},"WriteActionMask":{"count":912816,"self":0.59818779999999994,"total":0.59818779999999994,"children":null},"RequestDecision":{"count":912816,"self":3.361696,"total":333.9162968,"children":{"AgentInfo.ToProto":{"count":912816,"self":3.5456192,"total":330.55460059999996,"children":{"GenerateSensorData":{"count":912816,"self":327.0089728,"total":327.00898159999997,"children":null}}}}}}},"DecideAction":{"count":285251,"self":2655.51872,"total":2655.5186863999998,"children":null},"AgentAct":{"count":285251,"self":44.8528896,"total":45.354761499999995,"children":{"AgentInfo.ToProto":{"count":871,"self":0.0057275999999999994,"total":0.5018729,"children":{"GenerateSensorData":{"count":871,"self":0.49614529999999996,"total":0.49614529999999996,"children":null}}}}},"AgentInfo.ToProto":{"count":6337,"self":0.0551729,"total":3.7297133,"children":{"GenerateSensorData":{"count":6337,"self":3.6745403999999997,"total":3.6745403999999997,"children":null}}}},"gauges":{"Knight.CumulativeReward":{"count":7208,"max":25.18107,"min":-1.49450231,"runningAverage":7.536236,"value":21.8907337,"weightedAverage":11.9283161}},"metadata":{"timer_format_version":"0.1.0","start_time_seconds":"1675235004","unity_version":"2021.3.16f1","command_line_arguments":"C:\\Program Files\\Unity\\Hub\\Editor\\2021.3.16f1\\Editor\\Unity.exe -projectpath C:\\Users\\pibfa\\Desktop\\inbae\\AgentPrototype-DesignSprint -useHub -hubIPC -cloudEnvironment production -licensingIpc LicenseClient-pibfa -hubSessionId aca5d4a0-a1f2-11ed-bed0-1fdf15ca9461 -accessToken lnHyn9UT-ktBElhExIfza0VXASLnOEra0gjVPtn2wcM00df","communication_protocol_version":"1.5.0","com.unity.ml-agents_version":"2.0.0","scene_name":"TestSniree","end_time_seconds":"1675238516"}}