{"count":1,"self":253.5872512,"total":2093.6469998,"children":{"InitializeActuators":{"count":16,"self":0.0030017999999999998,"total":0.0030017999999999998,"children":null},"InitializeSensors":{"count":16,"self":0.0030004999999999997,"total":0.0030004999999999997,"children":null},"AgentSendState":{"count":181251,"self":2.4161834,"total":214.94432089999998,"children":{"CollectObservations":{"count":580016,"self":7.5403151999999993,"total":7.5403148,"children":null},"WriteActionMask":{"count":580016,"self":0.3956483,"total":0.3956483,"children":null},"RequestDecision":{"count":580016,"self":1.9006265999999998,"total":204.5921744,"children":{"AgentInfo.ToProto":{"count":580016,"self":2.1588232,"total":202.6915478,"children":{"GenerateSensorData":{"count":580016,"self":200.5327232,"total":200.5327245,"children":null}}}}}}},"DecideAction":{"count":181251,"self":1605.152768,"total":1605.1527468,"children":null},"AgentAct":{"count":181251,"self":19.1890368,"total":19.9156566,"children":{"AgentInfo.ToProto":{"count":1411,"self":0.0140044,"total":0.72661959999999992,"children":{"GenerateSensorData":{"count":1411,"self":0.7126152,"total":0.7126152,"children":null}}}}},"AgentInfo.ToProto":{"count":74,"self":0.0010026,"total":0.0390171,"children":{"GenerateSensorData":{"count":74,"self":0.0380145,"total":0.0380145,"children":null}}}},"gauges":{"Knight.CumulativeReward":{"count":1485,"max":2.9987,"min":-1.04549992,"runningAverage":-0.04760378,"value":-0.0401000828,"weightedAverage":-0.0519669466}},"metadata":{"timer_format_version":"0.1.0","start_time_seconds":"1675145015","unity_version":"2021.3.16f1","command_line_arguments":"C:\\Program Files\\Unity\\Hub\\Editor\\2021.3.16f1\\Editor\\Unity.exe -projectpath C:\\Users\\Luvxy\\Documents\\GitHub\\AgentPrototype-DesignSprint -useHub -hubIPC -cloudEnvironment production -licensingIpc LicenseClient-Luvxy -hubSessionId 88489fd0-a106-11ed-807c-6baae1966e19 -accessToken 6G0xmmc3ESIrkMkxqdbCLM95xupgQy2pZFoCt6u8XZo00df","communication_protocol_version":"1.5.0","com.unity.ml-agents_version":"2.0.0","scene_name":"TestSniree","end_time_seconds":"1675147109"}}