{"count":1,"self":26742.4792576,"total":65130.4553543,"children":{"InitializeActuators":{"count":25,"self":0.0019963999999999997,"total":0.0019963999999999997,"children":null},"InitializeSensors":{"count":25,"self":0.0015065999999999999,"total":0.0015065999999999999,"children":null},"AgentSendState":{"count":14106968,"self":114.4641152,"total":1153.6562086,"children":{"CollectObservations":{"count":70534850,"self":485.6419328,"total":485.6419208,"children":null},"WriteActionMask":{"count":70534850,"self":15.900008,"total":15.9000074,"children":null},"RequestDecision":{"count":70534850,"self":99.0400512,"total":537.6501617,"children":{"AgentInfo.ToProto":{"count":70534850,"self":85.2807296,"total":438.6101096,"children":{"GenerateSensorData":{"count":70534850,"self":353.3293824,"total":353.32938129999997,"children":null}}}}}}},"DecideAction":{"count":14106968,"self":36509.633740799996,"total":36509.6323698,"children":null},"AgentAct":{"count":14106968,"self":722.54868479999993,"total":723.6845823,"children":{"AgentInfo.ToProto":{"count":66481,"self":0.30063819999999997,"total":1.1359192,"children":{"GenerateSensorData":{"count":66481,"self":0.83528099999999994,"total":0.83528099999999994,"children":null}}}}},"AgentInfo.ToProto":{"count":50479,"self":0.3017834,"total":0.9996613,"children":{"GenerateSensorData":{"count":50479,"self":0.69787789999999994,"total":0.69787789999999994,"children":null}}}},"gauges":{"KnightLong.CumulativeReward":{"count":116960,"max":2,"min":-2.299516,"runningAverage":0.239971012,"value":-0.100101121,"weightedAverage":-0.101974949}},"metadata":{"timer_format_version":"0.1.0","start_time_seconds":"1674028382","unity_version":"2021.3.16f1","command_line_arguments":"C:\\Program Files\\Unity\\Hub\\Editor\\2021.3.16f1\\Editor\\Unity.exe -projectpath C:\\GitHub\\AgentPrototype-DesignSprint -useHub -hubIPC -cloudEnvironment production -licensingIpc LicenseClient-seong -hubSessionId 256d3b40-8f73-11ed-8f25-6be1e951b79a -accessToken iM6r4ifgPL2d9yEkW6B2hgpKjBMxLNRWynMdTu27kLY00df","communication_protocol_version":"1.5.0","com.unity.ml-agents_version":"2.0.0","scene_name":"TestSniree","end_time_seconds":"1674093513"}}