{"count":1,"self":26.874198399999997,"total":234.5642287,"children":{"InitializeActuators":{"count":9,"self":0.0009975,"total":0.0009975,"children":null},"InitializeSensors":{"count":9,"self":0.0009992,"total":0.0009992,"children":null},"AgentSendState":{"count":55584,"self":0.2511347,"total":19.764292599999997,"children":{"CollectObservations":{"count":100053,"self":0.23424399999999998,"total":0.23424399999999998,"children":null},"WriteActionMask":{"count":100053,"self":0.028996499999999998,"total":0.028996499999999998,"children":null},"RequestDecision":{"count":100053,"self":0.24995009999999998,"total":19.249917399999998,"children":{"AgentInfo.ToProto":{"count":100053,"self":0.2199966,"total":18.999967299999998,"children":{"GenerateSensorData":{"count":100053,"self":18.7799712,"total":18.7799707,"children":null}}}}}}},"DecideAction":{"count":55584,"self":183.7742336,"total":183.774229,"children":null},"AgentAct":{"count":55584,"self":0.6200061,"total":0.6200061,"children":null},"AgentInfo.ToProto":{"count":12610,"self":0.0590493,"total":3.5275100999999998,"children":{"GenerateSensorData":{"count":12610,"self":3.4684608,"total":3.4684608,"children":null}}}},"gauges":{"Gilbert.CumulativeReward":{"count":12610,"max":2,"min":-2.044002,"runningAverage":-0.09930878,"value":-1.005,"weightedAverage":-0.193861753}},"metadata":{"timer_format_version":"0.1.0","start_time_seconds":"1673438331","unity_version":"2021.3.16f1","command_line_arguments":"C:\\Program Files\\Unity\\Hub\\Editor\\2021.3.16f1\\Editor\\Unity.exe -projectpath C:\\GitHub\\AgentPrototype-DesignSprint -useHub -hubIPC -cloudEnvironment production -licensingIpc LicenseClient-seong -hubSessionId 256d3b40-8f73-11ed-8f25-6be1e951b79a -accessToken xNiPxt-wnHNN7nqyf07gE_wHVkJAPp0uWKLWyF2MC3o00df","communication_protocol_version":"1.5.0","com.unity.ml-agents_version":"2.0.0","scene_name":"TrainAgentScene","end_time_seconds":"1673438566"}}